name,rating,reviews,purchesed_recently
Oferta specjalna,,,
Oferta specjalna,,,
Krem Beauty of Joseon Relief Sun Rice + Probiotics SPF50+ Na Dzień 50ml,4.9,429,500
Nowość,4.8,8,100
Krem Colostrobaza 5% 30g,4.9,104,1000
Krem Bielenda Professional SupremeLab Barrier Renew z Ceramidami na noc 50ml,4.9,923,1000
Krem Beauty Of Joseon Relief Sun Aqua Fresh Rice + B5 Spf50+ Pa++++ Przeciwsłoneczny 50ml,4.9,40,100
Krem Dr. Althea Pro Lab Resveratrol 345 Na Intensive Repair Cream Na Noc 50ml,4.7,191,100
Krem Nanobase Repair Odżywka Przeznaczona Do Skóry Suchej Na Dzień I Noc 30g,4.9,251,100
Krem Medicube PDRN Pink kapsułkowy z DNA łososia PDRN i niacynamidem  55 g,5.0,1,50
Krem Avène Hyaluron Activ Procedure Lifting Cream Retinal 0.1% Przeciwzmarszczkowy Liftingujący 30Ml,4.8,2,50
Krem Cosrx Balancium Comfort Ceramide Cream Kojący Z Ceramidami na dzień i noc 80g,4.9,105,100
Krem Lancome Renergie H.P.N. 300 Peptide Cream Na Dzień 50ml,5.0,46,50
Krem Elizabeth Arden Visible Difference nawilżający na dzień 75ml,4.8,33,10
Krem DR.JART+ Ceramidin Nawilżający Skin Barrier Moisturizing Cream na noc 50ml,4.7,18,50
Krem EFA Kolagen + Kwas Laktobionowy na noc z kolagenem i kwasem laktobionowym 25ml,4.7,9,100
Krem Lancôme Krem Rénergie Collagen Lift-Xtend Cream Do Twarzy 50Ml,3.9,12,50
CELL FUSION C Uspakający Krem do Skóry Wrażliwej z Wąkrotą Azjatycką 50 ml,5.0,2,50
Krem Embryolisse Lait Creme Concentre Na Dzień I Noc 75ml,4.7,371,100
Krem Janda Żelazko Zmarszczek Na Każdą Porę Dnia na dzień i noc 30ml,5.0,10,10
Krem Ziaja Jaśminowy Przeciw Zmarszczkom 50+ na noc 50ml,4.7,30,10
Krem Aggie Z Kolagenem na dzień i noc 50ml,4.5,117,5
Krem Cosrx Advanced Snail 92 All in One Cream Ze Śluzem Ślimaka Na Dzień I Noc 100ml,4.6,164,100
Krem Resibo Our Lightest Ultralekki Do Twarzy Z Antyoksydantami Spf 50 50ml,5.0,2,50
Krem Skin1004 Madagascar Centella Spf 50+ Pa++++ na dzień 15ml,,,10
Krem Bielenda Professional Supremelab Bio-Tech Age Przeciwzmarszczkowy Krem Wygładzająco-Ujędrniający 45ml,,,
Krem Pharmaceris T Azeloacne Krem Z Kwasem Azelainowym Do Dermopielęgnacji Skóry Trądzikowej I Przebarwieniami 25ml,,,10
Krem Prreti Repair Ceramide Cream Multifunkcyjny Z Ceramidami na dzień 50ml,4.9,28,100
Krem Cell Fusion C Aquatica 2x35ml,4.9,153,50
Krem Bielenda Professional Supremelab Barrier Renew Odżywczy Spf30 na dzień 50ml,4.8,211,100
Krem L’Oreal Paris Revitalift Laser X3 Anti-Aging O Potrójnym Działaniu Na Dzień 50ml,4.7,187,50
Krem Miya Neuronight Naprawczy Do Nocnej Regeneracji Z Neuropeptydami 50Ml,5.0,2,100
